id,title,filtered_words,label
R129,New Report on Election,morning instead ground challenge. sense office man available stock. move peace ready. experts discuss ongoing developments election.,REAL
R227,New Report on Climate Change,five tonight fast. create meeting ground season. style future me. soldier experience late specific push. experts discuss ongoing developments climate change.,REAL
F231,Aliens Confirmed by Sources,number yes decision into. together cell popular notice. son offer hospital sport land. attack notice thus garden. — shocking claims aliens surface internet.,FAKE
R066,New Report on Policy,always issue student bank. describe natural recently. away message others food. experts discuss ongoing developments policy.,REAL
F095,Mind Control Confirmed by Sources,opportunity peace experience note whose unit pattern. night indicate data white. model instead animal east day. pay budget minute administration low. — shocking claims mind control surface internet.,FAKE
R174,New Report on Policy,mother play truth push. entire ten rest identify peace quite pattern. experts discuss ongoing developments policy.,REAL
R201,New Report on Public Health,group old claim appear hand fast. western simple gun magazine effect stay. instead change part production including. experts discuss ongoing developments public health.,REAL
R072,New Report on Education,network try decision place smile animal wish. night agree republican. eye may soldier instead right. experts discuss ongoing developments education.,REAL
R064,New Report on Research,since happen civil language report effort. traditional economic state improve mouth. experts discuss ongoing developments research.,REAL
F037,Miracle Drug Confirmed by Sources,certainly represent else knowledge. party compare animal former. science seat majority final feeling. — shocking claims miracle drug surface internet.,FAKE
R170,New Report on Technology Breakthrough,certain less size tough like central direction. care offer defense factor. campaign many minute season. experts discuss ongoing developments technology breakthrough.,REAL
F110,Celebrity Scandal Confirmed by Sources,less treat heart matter finish trial reason we. relate rather fight. — shocking claims celebrity scandal surface internet.,FAKE
F048,Secret Cure Confirmed by Sources,real modern third. — shocking claims secret cure surface internet.,FAKE
F082,Hoax Confirmed by Sources,practice assume send painting modern glass. paper bed consumer social information. hospital similar feel place less. — shocking claims hoax surface internet.,FAKE
F187,Miracle Drug Confirmed by Sources,significant administration executive choice. modern story reveal article activity live old. allow appear financial gas build heart. — shocking claims miracle drug surface internet.,FAKE
F027,Miracle Drug Confirmed by Sources,cost left call scientist current. american red perhaps test. vote part read. — shocking claims miracle drug surface internet.,FAKE
F202,Hoax Confirmed by Sources,thank network paper people defense daughter. term world book interesting ball people. republican structure commercial especially anything final. — shocking claims hoax surface internet.,FAKE
F197,Secret Cure Confirmed by Sources,model hear learn. author look investment young though. clear indeed social style matter process. candidate explain power system shake. — shocking claims secret cure surface internet.,FAKE
R128,New Report on Climate Change,evening question born field. accept democratic response interview form. office still prove data continue whatever yeah. experts discuss ongoing developments climate change.,REAL
F157,Government Cover-Up Confirmed by Sources,citizen stage information either table. investment staff good protect. white beat bit. wife truth population low save develop ready. — shocking claims government cover-up surface internet.,FAKE
F117,Hoax Confirmed by Sources,area cause security. apply forget short offer visit indicate. — shocking claims hoax surface internet.,FAKE
F173,Secret Cure Confirmed by Sources,present however big wait effect. — shocking claims secret cure surface internet.,FAKE
F024,Aliens Confirmed by Sources,drop north trouble help kind. happy law certainly begin today mother simply. usually gun firm choice. — shocking claims aliens surface internet.,FAKE
F096,Celebrity Scandal Confirmed by Sources,social reach executive trade claim mission. research issue little kitchen voice. floor save line its. — shocking claims celebrity scandal surface internet.,FAKE
R247,New Report on Public Health,feeling especially present take. explain animal woman outside paper theory development. suffer everybody since every. experts discuss ongoing developments public health.,REAL
F226,Government Cover-Up Confirmed by Sources,spend today floor set like. fly business girl. — shocking claims government cover-up surface internet.,FAKE
F100,Flat Earth Confirmed by Sources,near friend international. seek analysis detail right forward day. rise check attention much science trial old. — shocking claims flat earth surface internet.,FAKE
F246,Government Cover-Up Confirmed by Sources,stuff past capital level claim. head director money eight receive great involve. bed car hard opportunity address. — shocking claims government cover-up surface internet.,FAKE
F183,Aliens Confirmed by Sources,case work help center suffer. energy science director account protect. — shocking claims aliens surface internet.,FAKE
R063,New Report on Policy,ever mr bit million art police material. method forget lawyer. lot work participant. experts discuss ongoing developments policy.,REAL
R005,New Report on Election,main list wind improve. unit read moment degree. certain arrive despite move data next trial help. experts discuss ongoing developments election.,REAL
R084,New Report on Election,goal four couple site result. piece environment hospital. require particular person onto reason cause word. hotel staff produce conference. experts discuss ongoing developments election.,REAL
R124,New Report on Education,key coach huge key thing vote data. last add democratic spend tonight. experts discuss ongoing developments education.,REAL
R118,New Report on Research,tv mission community north election. experts discuss ongoing developments research.,REAL
F001,Aliens Confirmed by Sources,interest garden according resource animal. officer ready medical production brother group. picture economic bar forget mention stock. — shocking claims aliens surface internet.,FAKE
F007,Immortal Jellyfish Confirmed by Sources,conference person record sign. — shocking claims immortal jellyfish surface internet.,FAKE
F046,Mind Control Confirmed by Sources,class difficult car free. factor red tree. place force method well. — shocking claims mind control surface internet.,FAKE
R103,New Report on Research,information find sometimes. yeah manager recent life teacher usually. stuff beyond close already get understand. experts discuss ongoing developments research.,REAL
R037,New Report on Budget Report,short price real other. wide often seek evidence child ball own. begin animal sister player good entire. experts discuss ongoing developments budget report.,REAL
F193,Secret Cure Confirmed by Sources,kind bed station make. loss full best happy see share trial. bill right family ground push very. — shocking claims secret cure surface internet.,FAKE
R166,New Report on Election,point live key task business build. cell discover send power especially authority. experts discuss ongoing developments election.,REAL
F017,Immortal Jellyfish Confirmed by Sources,reflect daughter growth provide. wide evidence fish safe see position television. worry remember evening short machine really nice. — shocking claims immortal jellyfish surface internet.,FAKE
R008,New Report on Economic Growth,summer away collection order. everyone participant discover full attack give. experts discuss ongoing developments economic growth.,REAL
F071,Celebrity Scandal Confirmed by Sources,budget seven federal. congress onto election husband amount between. staff cost marriage threat occur. story poor tonight. — shocking claims celebrity scandal surface internet.,FAKE
F028,Mind Control Confirmed by Sources,laugh machine blue tend. century impact popular reason table century. behind economy student laugh class. — shocking claims mind control surface internet.,FAKE
F227,Immortal Jellyfish Confirmed by Sources,trip later information decade southern admit. able include action inside official guess. yeah car remain debate. — shocking claims immortal jellyfish surface internet.,FAKE
R200,New Report on Public Health,appear focus rule system shake economic. make next shoulder model outside push note. everything note player ability relate. experts discuss ongoing developments public health.,REAL
R225,New Report on Climate Change,music idea film western interesting agency leg. western sense challenge recently right cut difference. experts discuss ongoing developments climate change.,REAL
R062,New Report on Budget Report,respond north become similar daughter. play ahead often amount town see. experts discuss ongoing developments budget report.,REAL
F033,Hoax Confirmed by Sources,truth summer. inside child game middle research yet property. money officer heart total test. — shocking claims hoax surface internet.,FAKE
F012,Hoax Confirmed by Sources,old heart finally involve responsibility painting discussion. good base interest study strategy executive officer. agent election company million away. — shocking claims hoax surface internet.,FAKE
R121,New Report on Research,simple quite member nice learn fight begin. ready brother hard create. experts discuss ongoing developments research.,REAL
F210,Aliens Confirmed by Sources,manage campaign arm meet control natural. treat ok man plant. — shocking claims aliens surface internet.,FAKE
F151,Hoax Confirmed by Sources,another son hold. modern style building girl. — shocking claims hoax surface internet.,FAKE
F099,Secret Cure Confirmed by Sources,yeah unit read program more. appear magazine white pay rich civil. — shocking claims secret cure surface internet.,FAKE
R090,New Report on Technology Breakthrough,research quite first purpose. process sort brother never morning lose under. current southern expect. experts discuss ongoing developments technology breakthrough.,REAL
R125,New Report on Budget Report,send rich happy task. must new region check offer option leg. understand speak wrong west. give season seek remember. experts discuss ongoing developments budget report.,REAL
R091,New Report on Climate Change,pattern morning guy environment. authority change play together condition. seek drive ago society carry affect star. experts discuss ongoing developments climate change.,REAL
R157,New Report on Climate Change,task even language name quickly. short thus find tonight agency conference. experts discuss ongoing developments climate change.,REAL
F098,Miracle Drug Confirmed by Sources,generation goal teacher charge field around. hear item attention political friend system common. model understand share right peace voice. window hold staff least. — shocking claims miracle drug surface internet.,FAKE
F164,Immortal Jellyfish Confirmed by Sources,use relationship interesting region possible day personal. year condition oil democratic. — shocking claims immortal jellyfish surface internet.,FAKE
R050,New Report on Economic Growth,animal require notice five outside benefit foot. sister despite specific within. find worker speech. experts discuss ongoing developments economic growth.,REAL
R249,New Report on Climate Change,finish effect boy inside follow mind. easy return attention wear participant out. baby blood better baby say. experts discuss ongoing developments climate change.,REAL
R093,New Report on Election,organization commercial street bed. plant oil until. human hotel face her. experts discuss ongoing developments election.,REAL
R131,New Report on Education,dog name significant. ask ever everything unit score collection language. health research majority serious consumer. experts discuss ongoing developments education.,REAL
F107,Flat Earth Confirmed by Sources,really month world alone security. much family miss always even finish however. — shocking claims flat earth surface internet.,FAKE
F153,Hoax Confirmed by Sources,mr mouth strategy article development. yes condition miss concern able. glass body game live perhaps. — shocking claims hoax surface internet.,FAKE
F091,Flat Earth Confirmed by Sources,certainly else choice hear. structure cup opportunity everything worker. clearly hair word police. cold hot source positive art. — shocking claims flat earth surface internet.,FAKE
R246,New Report on Economic Growth,trade common deal fight world window throughout. clearly military middle. strategy floor young. arrive well sea training political. experts discuss ongoing developments economic growth.,REAL
F004,Secret Cure Confirmed by Sources,medical senior hour. — shocking claims secret cure surface internet.,FAKE
F220,Celebrity Scandal Confirmed by Sources,scene form design. eat force improve subject. yard six. official resource us real fight produce character. — shocking claims celebrity scandal surface internet.,FAKE
F121,Hoax Confirmed by Sources,catch economy recently defense visit maybe. really republican billion record. reality successful mrs fine. — shocking claims hoax surface internet.,FAKE
F245,Mind Control Confirmed by Sources,soldier long rock speak seem. affect risk name nature. point performance front deep reason than. — shocking claims mind control surface internet.,FAKE
R035,New Report on Climate Change,big seven east soldier. contain decision away ability half. office chair artist senior reduce policy. experts discuss ongoing developments climate change.,REAL
R024,New Report on Education,produce result according future mother. price inside clearly war. man study product understand. experts discuss ongoing developments education.,REAL
F079,Miracle Drug Confirmed by Sources,admit sit perform language night behind involve. establish offer partner live. professor tend recent far tonight simply. — shocking claims miracle drug surface internet.,FAKE
R094,New Report on Policy,left lot wish decide minute indicate green. movie place. experts discuss ongoing developments policy.,REAL
R040,New Report on Policy,phone whole national interest car. experts discuss ongoing developments policy.,REAL
F170,Immortal Jellyfish Confirmed by Sources,mission live hope size none. marriage west recent quality. hard somebody ahead. board civil well whose suffer much. — shocking claims immortal jellyfish surface internet.,FAKE
F130,Immortal Jellyfish Confirmed by Sources,air pick nearly seek according population. yeah keep line everybody fund create. describe single whose reflect blue quickly. — shocking claims immortal jellyfish surface internet.,FAKE
R085,New Report on Economic Growth,rule like report people yes. remember maybe suffer address difference citizen. state edge civil difference. southern body thus. experts discuss ongoing developments economic growth.,REAL
R054,New Report on Budget Report,building appear sign. gun notice one drop. suddenly yeah media work house step often. experts discuss ongoing developments budget report.,REAL
R047,New Report on Technology Breakthrough,piece agree forward. peace maintain agency. garden remember success design hit throw develop. position summer north practice seven. experts discuss ongoing developments technology breakthrough.,REAL
R199,New Report on Economic Growth,sea world author politics. plant never knowledge. list even card stand. experts discuss ongoing developments economic growth.,REAL
F062,Miracle Drug Confirmed by Sources,school art knowledge low. article include prevent become song. well project born right child. — shocking claims miracle drug surface internet.,FAKE
R244,New Report on Technology Breakthrough,report benefit million include stop art. reach identify break development too. experts discuss ongoing developments technology breakthrough.,REAL
R107,New Report on Election,yet serve focus city including public early. paper thus call decide everything either discuss management. factor class less goal easy. experts discuss ongoing developments election.,REAL
F148,Aliens Confirmed by Sources,design consumer notice girl. — shocking claims aliens surface internet.,FAKE
F023,Mind Control Confirmed by Sources,building gun study. student serious eye year. church take street. — shocking claims mind control surface internet.,FAKE
R075,New Report on Budget Report,wonder trip human. brother star cover present under. experts discuss ongoing developments budget report.,REAL
R220,New Report on Public Health,attorney candidate upon common education. experts discuss ongoing developments public health.,REAL
R099,New Report on Economic Growth,assume part sure. avoid war than. network debate court necessary stop. experts discuss ongoing developments economic growth.,REAL
F066,Flat Earth Confirmed by Sources,policy senior shoulder operation. — shocking claims flat earth surface internet.,FAKE
F060,Flat Earth Confirmed by Sources,test quite wind likely past single. member across training apply. coach another chair although scientist. — shocking claims flat earth surface internet.,FAKE
F022,Government Cover-Up Confirmed by Sources,prove despite cut three adult edge go. — shocking claims government cover-up surface internet.,FAKE
F127,Mind Control Confirmed by Sources,almost international artist less. son others western within me. — shocking claims mind control surface internet.,FAKE
R212,New Report on Education,west like easy size nature million. experts discuss ongoing developments education.,REAL
F119,Mind Control Confirmed by Sources,voice assume oil. method affect voice responsibility american. even teach newspaper already health environment bill strategy. — shocking claims mind control surface internet.,FAKE
F103,Hoax Confirmed by Sources,station peace beautiful. authority forget gas indicate successful. — shocking claims hoax surface internet.,FAKE
F191,Mind Control Confirmed by Sources,employee center skin of. life night exist per. attention talk list bit property seven cup grow. — shocking claims mind control surface internet.,FAKE
F002,Mind Control Confirmed by Sources,news laugh above. conference fight. head record entire beyond particular might. — shocking claims mind control surface internet.,FAKE
R155,New Report on Election,hit choice culture power option. experts discuss ongoing developments election.,REAL
R006,New Report on Technology Breakthrough,fill forward sometimes lot billion. wonder role clear we. bad choice father able thought together. experts discuss ongoing developments technology breakthrough.,REAL
F086,Government Cover-Up Confirmed by Sources,effort special call information fire. strong common especially expert international talk. history exactly according music southern city so. — shocking claims government cover-up surface internet.,FAKE
R168,New Report on Election,material fact health result. human way probably heart term billion attorney. option chair still eye item middle. experts discuss ongoing developments election.,REAL
R077,New Report on Public Health,board particularly food first. bank general company bed answer improve. bill today owner guess likely every. experts discuss ongoing developments public health.,REAL
F209,Hoax Confirmed by Sources,something game detail southern page maybe baby. meeting second star life. — shocking claims hoax surface internet.,FAKE
R236,New Report on Public Health,chance knowledge name enter mrs. green share song three act. experts discuss ongoing developments public health.,REAL
F186,Aliens Confirmed by Sources,visit maintain bill discussion page. design class another spend. — shocking claims aliens surface internet.,FAKE
R243,New Report on Public Health,debate ready top generation. big rise police. experts discuss ongoing developments public health.,REAL
F094,Immortal Jellyfish Confirmed by Sources,enter trouble lose drive. method start really leave increase let. usually fill network day budget herself. — shocking claims immortal jellyfish surface internet.,FAKE
R032,New Report on Economic Growth,might cost street weight yes coach catch. stay whatever sea remember. experts discuss ongoing developments economic growth.,REAL
R033,New Report on Education,unit collection green think evidence. magazine direction time ever billion. experts discuss ongoing developments education.,REAL
R045,New Report on Technology Breakthrough,rest couple memory hard. similar like successful yet within laugh market present. particular nothing director growth move site toward. table detail experience authority issue hospital. experts discuss ongoing developments technology breakthrough.,REAL
R116,New Report on Education,perform day call candidate. impact quickly space suggest director. experts discuss ongoing developments education.,REAL
F056,Celebrity Scandal Confirmed by Sources,peace drive difference last animal. growth choice amount detail enough interview sound. — shocking claims celebrity scandal surface internet.,FAKE
R043,New Report on Policy,student source east magazine blue decision. detail enough foot week. pretty sure call care. experts discuss ongoing developments policy.,REAL
R145,New Report on Economic Growth,project yeah student walk item. defense education rate expert per. television laugh land song cover himself. experts discuss ongoing developments economic growth.,REAL
F200,Secret Cure Confirmed by Sources,guess exactly everybody. teacher wish color home pressure actually. — shocking claims secret cure surface internet.,FAKE
F034,Celebrity Scandal Confirmed by Sources,decade work choice mr future. speak however. — shocking claims celebrity scandal surface internet.,FAKE
F149,Secret Cure Confirmed by Sources,treatment tough rate page final claim. development thank process human. land ahead gas form realize lay. — shocking claims secret cure surface internet.,FAKE
F051,Secret Cure Confirmed by Sources,manager suggest build draw off. item month whose effort teach. — shocking claims secret cure surface internet.,FAKE
F089,Flat Earth Confirmed by Sources,medical appear. oil arm get interest. marriage present trouble activity. — shocking claims flat earth surface internet.,FAKE
F135,Flat Earth Confirmed by Sources,today community none suddenly. piece human wind control. attention left ten set. hope real community chair. — shocking claims flat earth surface internet.,FAKE
F088,Government Cover-Up Confirmed by Sources,issue long exist. people throughout total record ball wife rule. — shocking claims government cover-up surface internet.,FAKE
R010,New Report on Election,form administration drive change. boy exactly yes reality similar. experts discuss ongoing developments election.,REAL
R211,New Report on Policy,imagine staff best senior positive lot discover short. choose put organization school plan national. experts discuss ongoing developments policy.,REAL
F204,Miracle Drug Confirmed by Sources,blood party pattern fish oil onto. concern opportunity nation decision put language. — shocking claims miracle drug surface internet.,FAKE
F168,Miracle Drug Confirmed by Sources,war professional example understand age deep. point fly person effect determine throw. — shocking claims miracle drug surface internet.,FAKE
R011,New Report on Public Health,line cover detail color window activity. surface need white lead box yet size. experts discuss ongoing developments public health.,REAL
R232,New Report on Climate Change,concern next hotel partner camera. strategy red ok wish. present region point mrs. experts discuss ongoing developments climate change.,REAL
R042,New Report on Public Health,ago various age sound best pressure. institution east race. thus full reality bill source store. win ground task above. experts discuss ongoing developments public health.,REAL
F182,Hoax Confirmed by Sources,case set growth customer course material type. need article environment goal. even officer hold ever speech born. — shocking claims hoax surface internet.,FAKE
F036,Miracle Drug Confirmed by Sources,worry pattern prepare degree project action. today keep worry along should. — shocking claims miracle drug surface internet.,FAKE
F068,Secret Cure Confirmed by Sources,lot take present alone home. involve site sit staff. provide manage use. — shocking claims secret cure surface internet.,FAKE
R015,New Report on Election,fill gun month. common window seat least gas option. party record magazine purpose actually. experts discuss ongoing developments election.,REAL
R147,New Report on Climate Change,general choice four side article explain. appear modern form leader commercial possible space seat. experts discuss ongoing developments climate change.,REAL
F198,Government Cover-Up Confirmed by Sources,less teacher already study agree. friend fish social four. — shocking claims government cover-up surface internet.,FAKE
R081,New Report on Climate Change,control hard bad middle. least huge six tv serious first. guy believe seek material. experts discuss ongoing developments climate change.,REAL
F050,Aliens Confirmed by Sources,century position arm writer. group edge day government. school stay rule. subject prepare test tax song. — shocking claims aliens surface internet.,FAKE
F162,Celebrity Scandal Confirmed by Sources,sure two blue call night. — shocking claims celebrity scandal surface internet.,FAKE
R028,New Report on Technology Breakthrough,money forget end field. experts discuss ongoing developments technology breakthrough.,REAL
R195,New Report on Budget Report,though best anything. organization management west marriage concern. experts discuss ongoing developments budget report.,REAL
F116,Aliens Confirmed by Sources,customer card. care possible training single. — shocking claims aliens surface internet.,FAKE
R018,New Report on Research,mother serve it. leader return loss star. one tax year job individual cost memory. experts discuss ongoing developments research.,REAL
F073,Immortal Jellyfish Confirmed by Sources,public unit idea follow government. office charge about. stop watch answer light pm class. — shocking claims immortal jellyfish surface internet.,FAKE
F059,Miracle Drug Confirmed by Sources,stock base hotel instead single old nor. make lot. — shocking claims miracle drug surface internet.,FAKE
R078,New Report on Budget Report,blood contain center today best. current letter growth catch. second third professor visit yet. experts discuss ongoing developments budget report.,REAL
F216,Secret Cure Confirmed by Sources,price democratic various. unit want person case protect. — shocking claims secret cure surface internet.,FAKE
F206,Celebrity Scandal Confirmed by Sources,walk process star. mrs live nation pick national. — shocking claims celebrity scandal surface internet.,FAKE
R036,New Report on Research,feeling agent newspaper. experts discuss ongoing developments research.,REAL
F104,Aliens Confirmed by Sources,others ago now. moment forget college set. three provide big performance college report. — shocking claims aliens surface internet.,FAKE
F000,Hoax Confirmed by Sources,also create child. network interesting go. — shocking claims hoax surface internet.,FAKE
R136,New Report on Education,guess sense rather. wide participant maintain early every. experts discuss ongoing developments education.,REAL
F019,Immortal Jellyfish Confirmed by Sources,avoid important threat tree least quite meeting. system eight art four. — shocking claims immortal jellyfish surface internet.,FAKE
R012,New Report on Technology Breakthrough,child run red trouble money. year interest husband letter among defense. quality put store. experts discuss ongoing developments technology breakthrough.,REAL
R052,New Report on Education,early buy already. point political theory sister. experts discuss ongoing developments education.,REAL
R123,New Report on Climate Change,product ground meet forward entire. natural common democratic development series amount. experts discuss ongoing developments climate change.,REAL
F040,Government Cover-Up Confirmed by Sources,city almost animal member. attack know face parent explain help. particularly eight good skin imagine. — shocking claims government cover-up surface internet.,FAKE
R160,New Report on Climate Change,shoulder trial easy clear school together the. someone event office. understand response heavy include manage low economic money. experts discuss ongoing developments climate change.,REAL
F067,Immortal Jellyfish Confirmed by Sources,among series idea significant call option election. necessary message clear trip. — shocking claims immortal jellyfish surface internet.,FAKE
R069,New Report on Research,spring money say concern help catch environmental. occur research maintain sort others letter. experts discuss ongoing developments research.,REAL
F160,Mind Control Confirmed by Sources,take trial interesting state seat walk you. — shocking claims mind control surface internet.,FAKE
F053,Hoax Confirmed by Sources,energy different green. property court technology pretty figure positive thing. — shocking claims hoax surface internet.,FAKE
R074,New Report on Education,crime media explain visit bring investment. simply shake operation shoulder every federal represent. experts discuss ongoing developments education.,REAL
R007,New Report on Election,store finally real. issue morning institution relationship soon us. experts discuss ongoing developments election.,REAL
R119,New Report on Climate Change,everything within forward available every. experts discuss ongoing developments climate change.,REAL
R087,New Report on Budget Report,television ready want cultural. experts discuss ongoing developments budget report.,REAL
F145,Miracle Drug Confirmed by Sources,nice bring water beyond into. suffer arm away. citizen ten common serve turn practice approach. — shocking claims miracle drug surface internet.,FAKE
R065,New Report on Budget Report,along determine prove full alone type spend. page admit speech the. condition marriage structure check. experts discuss ongoing developments budget report.,REAL
R208,New Report on Budget Report,administration choice health. experts discuss ongoing developments budget report.,REAL
R048,New Report on Budget Report,senior big design instead source trip assume. maybe change reveal. remember usually well baby community front. experts discuss ongoing developments budget report.,REAL
F076,Aliens Confirmed by Sources,recognize third language country. short think. within ahead sport outside blue protect firm argue. — shocking claims aliens surface internet.,FAKE
R019,New Report on Policy,news face institution focus. peace factor single deal sister economic. experts discuss ongoing developments policy.,REAL
F115,Immortal Jellyfish Confirmed by Sources,worry marriage quickly reason notice. spend church project black smile tough local amount. including image find agency. — shocking claims immortal jellyfish surface internet.,FAKE
R031,New Report on Education,turn sit event goal firm must son. two happy major certain. experts discuss ongoing developments education.,REAL
R190,New Report on Research,pattern staff series something. professional consider action quickly call now. experts discuss ongoing developments research.,REAL
F057,Mind Control Confirmed by Sources,adult player method better education store. environmental deep help customer five young street affect. remember education land first movie never. — shocking claims mind control surface internet.,FAKE
F158,Immortal Jellyfish Confirmed by Sources,give public security professional work amount whole. serve mind since alone. exactly evening listen. late money program foot. — shocking claims immortal jellyfish surface internet.,FAKE
F234,Flat Earth Confirmed by Sources,word first agency investment news difference address soon. local consider record people. — shocking claims flat earth surface internet.,FAKE
F155,Flat Earth Confirmed by Sources,partner stuff need anyone hour talk television yet. official pattern rest suddenly major page. near piece majority someone. — shocking claims flat earth surface internet.,FAKE
F106,Flat Earth Confirmed by Sources,late task prepare level door. quickly deep ok style defense measure. day push space continue religious plant provide. peace poor anyone. — shocking claims flat earth surface internet.,FAKE
R051,New Report on Policy,career rest find small school. task others why. clear eight leader total. experts discuss ongoing developments policy.,REAL
R203,New Report on Education,name series goal evening talk make though up. respond report board land. experts discuss ongoing developments education.,REAL
F063,Secret Cure Confirmed by Sources,say market less identify physical star so. sort also understand sure require act. — shocking claims secret cure surface internet.,FAKE
R080,New Report on Policy,order mention computer peace task. respond resource adult chance student them. experts discuss ongoing developments policy.,REAL
R226,New Report on Public Health,seek fire list partner. democrat marriage live. per kitchen true sort. experts discuss ongoing developments public health.,REAL
F144,Hoax Confirmed by Sources,play well learn moment. — shocking claims hoax surface internet.,FAKE
F241,Flat Earth Confirmed by Sources,experience future fast though tree purpose body. south apply risk democrat. head word research international across hundred indeed. stuff note art run improve reach. — shocking claims flat earth surface internet.,FAKE
R150,New Report on Election,expert industry write loss behind give. election realize product shoulder. body put keep would. experts discuss ongoing developments election.,REAL
R153,New Report on Research,young relate west whose. bring feel training high. oil since sport suffer. experts discuss ongoing developments research.,REAL
F175,Hoax Confirmed by Sources,style company city half interest give. republican make visit father cost. — shocking claims hoax surface internet.,FAKE
F161,Immortal Jellyfish Confirmed by Sources,simple imagine price one. money community including difference beautiful account happy. school coach sort opportunity sing down. — shocking claims immortal jellyfish surface internet.,FAKE
F147,Secret Cure Confirmed by Sources,field thing hundred school. deal support eight he. news pattern ten firm thank area where. — shocking claims secret cure surface internet.,FAKE
F018,Secret Cure Confirmed by Sources,real scene true senior leader. — shocking claims secret cure surface internet.,FAKE
F211,Celebrity Scandal Confirmed by Sources,stop suddenly raise sometimes fish. — shocking claims celebrity scandal surface internet.,FAKE
R117,New Report on Research,find continue oil one. news standard hour important go. experts discuss ongoing developments research.,REAL
F016,Aliens Confirmed by Sources,add necessary share offer opportunity design. professional finally like bring. experience environment state debate fight possible. various situation message heart yet west determine. — shocking claims aliens surface internet.,FAKE
F029,Flat Earth Confirmed by Sources,western production seat remember trouble despite child. structure unit leader describe quality car meet. — shocking claims flat earth surface internet.,FAKE
F205,Celebrity Scandal Confirmed by Sources,side adult media sit serious window. minute son nice nearly. — shocking claims celebrity scandal surface internet.,FAKE
R112,New Report on Economic Growth,military range feeling find. relationship relate perform area. remember woman speak person security. experts discuss ongoing developments economic growth.,REAL
F218,Government Cover-Up Confirmed by Sources,rather federal modern third others every. son card impact challenge often week. high something value feeling southern family around explain. — shocking claims government cover-up surface internet.,FAKE
R187,New Report on Education,perform hard analysis door. experts discuss ongoing developments education.,REAL
F087,Celebrity Scandal Confirmed by Sources,however section mr must teacher. range ability mention mean tax. — shocking claims celebrity scandal surface internet.,FAKE
R171,New Report on Education,religious minute high even help sound admit. bring public simple bit outside high. another create enough wish others. experts discuss ongoing developments education.,REAL
R113,New Report on Technology Breakthrough,drive interview cause upon. experts discuss ongoing developments technology breakthrough.,REAL
R222,New Report on Public Health,painting firm family speak board office. song appear cup senior edge. experts discuss ongoing developments public health.,REAL
F233,Secret Cure Confirmed by Sources,purpose recognize return finally enter poor sister. nature however drive practice yard thousand. instead story change kid customer hour use both. — shocking claims secret cure surface internet.,FAKE
R223,New Report on Climate Change,air case up. meet attack stage whatever. experts discuss ongoing developments climate change.,REAL
F224,Secret Cure Confirmed by Sources,help statement go maintain throughout month give. institution create even single. site heart tv four piece certainly. benefit modern address mention while. — shocking claims secret cure surface internet.,FAKE
R181,New Report on Climate Change,section program. source phone word since similar man. leg director administration whole take well human. experts discuss ongoing developments climate change.,REAL
R056,New Report on Public Health,approach young stand involve century current according. account physical goal sometimes. experts discuss ongoing developments public health.,REAL
R110,New Report on Education,poor design nothing size. past prevent prove mind. many say teach rule. experts discuss ongoing developments education.,REAL
R219,New Report on Education,discover series discussion. character hit relate food able they. experts discuss ongoing developments education.,REAL
R224,New Report on Education,total bed pm adult thank since enough eye. toward national choice participant major spring everyone several. experts discuss ongoing developments education.,REAL
F178,Immortal Jellyfish Confirmed by Sources,bag summer sing. read increase factor send. — shocking claims immortal jellyfish surface internet.,FAKE
F074,Secret Cure Confirmed by Sources,protect discover career hair. anyone imagine special. — shocking claims secret cure surface internet.,FAKE
R034,New Report on Budget Report,catch exactly defense stock husband inside choose. job worry throw top next republican. service firm onto director message population. experts discuss ongoing developments budget report.,REAL
R095,New Report on Policy,require easy middle book magazine. letter left impact dream sometimes level good dog. politics bill entire movie fast. experts discuss ongoing developments policy.,REAL
F011,Aliens Confirmed by Sources,development effort note miss affect travel. land first. check performance current we. — shocking claims aliens surface internet.,FAKE
R162,New Report on Policy,former fire final ago mr. boy poor finally degree account option concern friend. true save happen age area. experts discuss ongoing developments policy.,REAL
R218,New Report on Election,small scientist project. various administration brother star material wife while. experts discuss ongoing developments election.,REAL
F136,Miracle Drug Confirmed by Sources,professor table growth candidate bag. star customer available. yes collection put young represent development dog. — shocking claims miracle drug surface internet.,FAKE
R108,New Report on Economic Growth,score often medical total current enter cover. reason care people. south red ten. experts discuss ongoing developments economic growth.,REAL
R186,New Report on Research,enough close big marriage news issue fund. much mind final message walk majority catch it. experts discuss ongoing developments research.,REAL
R248,New Report on Technology Breakthrough,simple go team central movement dinner. drug ready low identify. experts discuss ongoing developments technology breakthrough.,REAL
F045,Immortal Jellyfish Confirmed by Sources,sometimes beyond similar city contain police war. cover industry nice process. nearly newspaper traditional similar state. — shocking claims immortal jellyfish surface internet.,FAKE
F092,Secret Cure Confirmed by Sources,company behind cultural new weight. fire marriage different. — shocking claims secret cure surface internet.,FAKE
R100,New Report on Technology Breakthrough,contain still group human mission recent value. knowledge top conference agreement. experts discuss ongoing developments technology breakthrough.,REAL
F075,Miracle Drug Confirmed by Sources,break begin tax adult medical republican. political crime glass commercial sister. — shocking claims miracle drug surface internet.,FAKE
R059,New Report on Technology Breakthrough,drug similar president seven information. happen financial care worker production realize. experts discuss ongoing developments technology breakthrough.,REAL
F213,Hoax Confirmed by Sources,sing total others write truth message. plan teach around take. add song position writer car cause official. — shocking claims hoax surface internet.,FAKE
R233,New Report on Education,despite message officer help audience learn. whole take writer although. place behind inside decade. experts discuss ongoing developments education.,REAL
F072,Mind Control Confirmed by Sources,fill open quickly. system response western rest. actually high result field recently. — shocking claims mind control surface internet.,FAKE
R184,New Report on Budget Report,commercial brother ago design remember research. color yard with. experts discuss ongoing developments budget report.,REAL
F134,Secret Cure Confirmed by Sources,rock owner develop across enough. serious million near sometimes. — shocking claims secret cure surface internet.,FAKE
R096,New Report on Research,popular left walk put. experts discuss ongoing developments research.,REAL
R020,New Report on Policy,mr everyone cut. center appear hear gun according weight. million eight fish glass. experts discuss ongoing developments policy.,REAL
R067,New Report on Policy,major get consider scientist return. recently employee part finally daughter. apply work since job impact very. experts discuss ongoing developments policy.,REAL
R215,New Report on Education,half necessary shake former issue ready class. support lead way indeed hear doctor still. experts discuss ongoing developments education.,REAL
R127,New Report on Policy,organization design little matter. thought away something wide sort. experts discuss ongoing developments policy.,REAL
R235,New Report on Technology Breakthrough,beyond generation leader scientist challenge off. lot nice chair hit avoid. experts discuss ongoing developments technology breakthrough.,REAL
R163,New Report on Climate Change,agent quickly herself. change car place heavy among high edge. experts discuss ongoing developments climate change.,REAL
R002,New Report on Education,detail argue quickly occur. popular picture thus sport series wear beautiful especially. sound mission west policy test boy wind. experts discuss ongoing developments education.,REAL
R021,New Report on Education,throw front hit rock fall television. white consumer. usually work. experts discuss ongoing developments education.,REAL
R013,New Report on Technology Breakthrough,onto firm. least yard. experts discuss ongoing developments technology breakthrough.,REAL
F195,Flat Earth Confirmed by Sources,hotel score eat cost cell. want tough cut part society respond able. save customer list operation institution time. — shocking claims flat earth surface internet.,FAKE
R101,New Report on Research,according situation final dark television method. health deep certain six address. former others hold traditional can. experts discuss ongoing developments research.,REAL
R055,New Report on Research,spring example foreign morning. central include require number wonder allow police. experts discuss ongoing developments research.,REAL
F190,Secret Cure Confirmed by Sources,like reflect fast put data law media. everything whatever husband treat. — shocking claims secret cure surface internet.,FAKE
R004,New Report on Education,order movie beautiful raise. nature among onto sea standard answer clearly get. player detail year alone know recently. site choose attention doctor. experts discuss ongoing developments education.,REAL
F080,Celebrity Scandal Confirmed by Sources,avoid draw operation significant. — shocking claims celebrity scandal surface internet.,FAKE
F049,Hoax Confirmed by Sources,take seek bar mr fill organization. international concern front push worry expert receive. — shocking claims hoax surface internet.,FAKE
F184,Secret Cure Confirmed by Sources,kind training field share where. suggest heart boy particular expert treatment few. — shocking claims secret cure surface internet.,FAKE
F030,Secret Cure Confirmed by Sources,various fly difference mother read. serious represent baby condition. brother true assume join water. — shocking claims secret cure surface internet.,FAKE
R213,New Report on Budget Report,positive stop focus administration enjoy college. particularly opportunity position firm. method concern card meet walk color learn. voice move recent improve professor realize. experts discuss ongoing developments budget report.,REAL
F128,Immortal Jellyfish Confirmed by Sources,loss hard face smile real build. tax knowledge notice agency. stuff save knowledge plant road full short magazine. — shocking claims immortal jellyfish surface internet.,FAKE
R231,New Report on Policy,approach long wait appear member forget. speak able morning produce. experts discuss ongoing developments policy.,REAL
R061,New Report on Technology Breakthrough,dark interesting require dinner quite. foreign free even financial day section range cover. officer customer main here. experts discuss ongoing developments technology breakthrough.,REAL
R137,New Report on Education,wind series strong property collection right. race half ago law hour. experts discuss ongoing developments education.,REAL
R185,New Report on Technology Breakthrough,minute laugh standard or. live economic great. experts discuss ongoing developments technology breakthrough.,REAL
R204,New Report on Technology Breakthrough,along bed peace place change great. despite politics page hit per. partner year think wrong picture. experts discuss ongoing developments technology breakthrough.,REAL
F217,Immortal Jellyfish Confirmed by Sources,democratic either clearly. side moment security report factor perform still. ago member individual finally source. — shocking claims immortal jellyfish surface internet.,FAKE
F176,Miracle Drug Confirmed by Sources,form three seat individual. race watch skill visit leg book. — shocking claims miracle drug surface internet.,FAKE
R245,New Report on Technology Breakthrough,half idea left participant bed. experts discuss ongoing developments technology breakthrough.,REAL
R104,New Report on Election,time son firm relationship. particular interest sister scene film. experts discuss ongoing developments election.,REAL
F156,Flat Earth Confirmed by Sources,product push great book ready. executive significant modern office common enjoy. world thousand. daughter receive. — shocking claims flat earth surface internet.,FAKE
R194,New Report on Election,likely worker attention sound among. west watch institution picture. experts discuss ongoing developments election.,REAL
R161,New Report on Technology Breakthrough,always country bag travel design adult. theory resource meeting behind stock. catch hand detail group. experts discuss ongoing developments technology breakthrough.,REAL
F113,Immortal Jellyfish Confirmed by Sources,oil drug gas tree box. exist never television perhaps direction real than. throughout teacher foreign. — shocking claims immortal jellyfish surface internet.,FAKE
F150,Hoax Confirmed by Sources,behavior guy public. reality billion today leader region. former data go try. — shocking claims hoax surface internet.,FAKE
F047,Miracle Drug Confirmed by Sources,finally probably buy manager national. marriage wrong language wait subject father. ground special bad week song through. — shocking claims miracle drug surface internet.,FAKE
F008,Hoax Confirmed by Sources,may wind voice turn. model end story city. — shocking claims hoax surface internet.,FAKE
F229,Aliens Confirmed by Sources,carry challenge news first clear. collection force official tree south. — shocking claims aliens surface internet.,FAKE
R001,New Report on Research,decide water set page interesting. open deep model meet possible cell. experts discuss ongoing developments research.,REAL
R241,New Report on Public Health,officer area sit movie. experts discuss ongoing developments public health.,REAL
R198,New Report on Climate Change,ground person owner current understand. certain partner near. experts discuss ongoing developments climate change.,REAL
R229,New Report on Research,want tree buy establish alone course maybe list. although several discover avoid cold open last. experts discuss ongoing developments research.,REAL
R205,New Report on Public Health,music boy leg name great pattern. yeah mouth pull challenge officer foreign hold. feel every west billion. experts discuss ongoing developments public health.,REAL
F123,Celebrity Scandal Confirmed by Sources,spring rate sense important middle imagine. material brother series religious. — shocking claims celebrity scandal surface internet.,FAKE
F043,Celebrity Scandal Confirmed by Sources,good these. least action avoid. white rather east. — shocking claims celebrity scandal surface internet.,FAKE
F097,Celebrity Scandal Confirmed by Sources,image defense never direction star fall. write couple realize officer. security quality though. — shocking claims celebrity scandal surface internet.,FAKE
R014,New Report on Research,become realize individual suddenly deal project various well. material day stay when. create forward animal story trade operation admit. experts discuss ongoing developments research.,REAL
F005,Flat Earth Confirmed by Sources,interview break run. level price ago evening some. join break miss example data science. — shocking claims flat earth surface internet.,FAKE
R234,New Report on Research,traditional tv customer rule law join if. performance fear whole. alone task apply. experts discuss ongoing developments research.,REAL
F143,Aliens Confirmed by Sources,traditional little get weight direction something. evening across quality including time several. — shocking claims aliens surface internet.,FAKE
R073,New Report on Economic Growth,account employee produce sister nice hand cause. relationship none significant. experts discuss ongoing developments economic growth.,REAL
R239,New Report on Education,fight value act everything. seat high eat attention second upon small speak. attack option analysis. experts discuss ongoing developments education.,REAL
F181,Aliens Confirmed by Sources,business poor election seat plant analysis. need event compare bag. defense memory. — shocking claims aliens surface internet.,FAKE
R138,New Report on Election,tend billion stand every. eight write democratic project add new get. experts discuss ongoing developments election.,REAL
R172,New Report on Economic Growth,owner either case economic. experts discuss ongoing developments economic growth.,REAL
R143,New Report on Policy,technology let day two yeah. contain kitchen nothing wish police. experts discuss ongoing developments policy.,REAL
F166,Mind Control Confirmed by Sources,official unit describe play provide cover. social american police baby camera. — shocking claims mind control surface internet.,FAKE
R003,New Report on Budget Report,think baby hand still despite. first actually top no. grow stock never sense development. experts discuss ongoing developments budget report.,REAL
R167,New Report on Climate Change,stop officer blood physical know. black garden hand yard forward. experts discuss ongoing developments climate change.,REAL
R183,New Report on Climate Change,young reason environment. two design surface possible red community win. outside skill pattern benefit appear. laugh focus church able start much. experts discuss ongoing developments climate change.,REAL
R238,New Report on Technology Breakthrough,allow vote third stuff. figure list college pretty drive bad. experts discuss ongoing developments technology breakthrough.,REAL
R041,New Report on Election,step rule generation growth level serve. alone right sing space officer skill. production pick take window training. experts discuss ongoing developments election.,REAL
F237,Government Cover-Up Confirmed by Sources,impact particularly step ok fight think store. much money keep ball. — shocking claims government cover-up surface internet.,FAKE
R086,New Report on Research,personal offer recognize individual. experts discuss ongoing developments research.,REAL
R240,New Report on Policy,movie bill surface film administration win approach. free home lay person response win. experts discuss ongoing developments policy.,REAL
R133,New Report on Public Health,region focus determine industry realize. experts discuss ongoing developments public health.,REAL
F044,Hoax Confirmed by Sources,true heart series lay gas coach add hard. hear teach half idea. investment reason serve dark. — shocking claims hoax surface internet.,FAKE
F125,Government Cover-Up Confirmed by Sources,take half environment consider pretty those. whose throw chair operation nation. — shocking claims government cover-up surface internet.,FAKE
F165,Secret Cure Confirmed by Sources,heart pressure improve. development security certain upon product within. — shocking claims secret cure surface internet.,FAKE
F137,Flat Earth Confirmed by Sources,peace door attorney me. help water wall reality spend exist area south. — shocking claims flat earth surface internet.,FAKE
R088,New Report on Research,shake blood seat. somebody forget site fly road this. experts discuss ongoing developments research.,REAL
R169,New Report on Technology Breakthrough,source break daughter improve character their. experts discuss ongoing developments technology breakthrough.,REAL
R193,New Report on Technology Breakthrough,mind set day capital discover. reduce natural subject hundred manage go. financial far republican director reality deep. experts discuss ongoing developments technology breakthrough.,REAL
F247,Mind Control Confirmed by Sources,finally left goal camera. design finally reality quite. — shocking claims mind control surface internet.,FAKE
R179,New Report on Technology Breakthrough,impact letter race. pm land person also perform offer nature. experts discuss ongoing developments technology breakthrough.,REAL
F138,Immortal Jellyfish Confirmed by Sources,economy inside media hundred lawyer may. charge drive laugh support time without deep. former remember article. — shocking claims immortal jellyfish surface internet.,FAKE
R017,New Report on Policy,last try teacher main magazine dog food. store cultural rule. citizen man trial attention young dog boy. medical phone build hit box. experts discuss ongoing developments policy.,REAL
F090,Mind Control Confirmed by Sources,mission hundred mean return course court environment. spend quite history. successful around network product notice radio. — shocking claims mind control surface internet.,FAKE
F222,Mind Control Confirmed by Sources,partner response group information remain participant him. member reveal bank wear process. — shocking claims mind control surface internet.,FAKE
R114,New Report on Climate Change,wide probably state open police. learn central lay imagine catch information compare. suffer painting want upon administration write. experts discuss ongoing developments climate change.,REAL
F235,Celebrity Scandal Confirmed by Sources,high worry certain. program dark land consider. something wear different i. — shocking claims celebrity scandal surface internet.,FAKE
F185,Hoax Confirmed by Sources,customer open boy participant use. heart share significant explain current idea every. manage job fill natural paper expert nation left. — shocking claims hoax surface internet.,FAKE
F221,Flat Earth Confirmed by Sources,side machine bring policy. artist article throughout bed campaign result store. stop wall personal throw help agent decide mission. population art address. — shocking claims flat earth surface internet.,FAKE
F054,Secret Cure Confirmed by Sources,behind time decide box sit avoid generation. choose unit laugh star. class big business four. — shocking claims secret cure surface internet.,FAKE
R000,New Report on Public Health,century rise finish together trouble certain order. look force score. experts discuss ongoing developments public health.,REAL
R178,New Report on Budget Report,wish fear born brother focus within everybody. officer source type billion draw from. people begin. experts discuss ongoing developments budget report.,REAL
F006,Hoax Confirmed by Sources,response ask land ok wonder so. world week mother light project research but. level address democratic poor plant. — shocking claims hoax surface internet.,FAKE
F174,Secret Cure Confirmed by Sources,man way listen help within. close stage always major statement notice. prove team list seat story. — shocking claims secret cure surface internet.,FAKE
R009,New Report on Election,control team assume identify. behavior deep law guess. member company rest spring deep. piece road body. experts discuss ongoing developments election.,REAL
R122,New Report on Economic Growth,also beat man. time approach way member. college throughout ago onto. reduce raise real. experts discuss ongoing developments economic growth.,REAL
F189,Immortal Jellyfish Confirmed by Sources,good glass speak care. note congress fall past serious. — shocking claims immortal jellyfish surface internet.,FAKE
R146,New Report on Technology Breakthrough,standard face car artist remember war. building commercial citizen. experts discuss ongoing developments technology breakthrough.,REAL
R022,New Report on Climate Change,laugh station never land middle the. music east consider local democrat. east majority state force. experts discuss ongoing developments climate change.,REAL
F177,Aliens Confirmed by Sources,care mention ground open somebody. deep available sea conference edge. — shocking claims aliens surface internet.,FAKE
F021,Secret Cure Confirmed by Sources,television product production century star side. third late administration bar record. message stop discover threat care arrive area individual. watch read. — shocking claims secret cure surface internet.,FAKE
R039,New Report on Economic Growth,stand age live test first religious reason. wall others describe job author. national sell fund everything relate. mrs clearly bad weight let where. experts discuss ongoing developments economic growth.,REAL
F061,Miracle Drug Confirmed by Sources,assume environment like. bill majority national pass house least. others radio majority election sometimes. — shocking claims miracle drug surface internet.,FAKE
R057,New Report on Technology Breakthrough,audience artist according time mean. popular better whose main. every matter expert court. experts discuss ongoing developments technology breakthrough.,REAL
F154,Immortal Jellyfish Confirmed by Sources,general people avoid color forward raise. ten rule student table business away. — shocking claims immortal jellyfish surface internet.,FAKE
F052,Mind Control Confirmed by Sources,position inside reveal thought. get produce describe many usually cover media. — shocking claims mind control surface internet.,FAKE
F124,Flat Earth Confirmed by Sources,open term. particular skin everything might station involve. owner third situation water even option. — shocking claims flat earth surface internet.,FAKE
R071,New Report on Budget Report,certain though mind avoid. among girl responsibility should. property treat write. car think yard player single view special. experts discuss ongoing developments budget report.,REAL
R152,New Report on Budget Report,experience stand soldier matter rule doctor. health team control. experts discuss ongoing developments budget report.,REAL
F038,Mind Control Confirmed by Sources,free either man information house child care. firm three any. create nothing sing. cultural special actually letter serious wind. — shocking claims mind control surface internet.,FAKE
F101,Immortal Jellyfish Confirmed by Sources,assume enter administration garden follow keep ten. contain report soldier structure religious early. manage sport help church never cup nation. — shocking claims immortal jellyfish surface internet.,FAKE
F203,Celebrity Scandal Confirmed by Sources,happy case suffer once. quickly executive every century responsibility particular. fish west discuss speech. — shocking claims celebrity scandal surface internet.,FAKE
F192,Government Cover-Up Confirmed by Sources,cell better scene. information worry sister start. — shocking claims government cover-up surface internet.,FAKE
R189,New Report on Climate Change,laugh sing school weight organization crime. experts discuss ongoing developments climate change.,REAL
R098,New Report on Election,weight every center actually. never clear media kid next. time third interesting us bar home. experts discuss ongoing developments election.,REAL
R149,New Report on Economic Growth,view ready break meet stand. collection art involve billion product knowledge share. experts discuss ongoing developments economic growth.,REAL
R046,New Report on Education,word social evening former explain. laugh administration. kid room view tough section director. experts discuss ongoing developments education.,REAL
F055,Hoax Confirmed by Sources,rather far join responsibility year across. drop theory traditional pressure challenge that. — shocking claims hoax surface internet.,FAKE
F159,Flat Earth Confirmed by Sources,open prove gun economy last recognize fact. yet road argue impact top. — shocking claims flat earth surface internet.,FAKE
F083,Secret Cure Confirmed by Sources,feeling cultural later imagine whole. defense according foreign rock. well including relationship point later. company describe already though step. — shocking claims secret cure surface internet.,FAKE
R109,New Report on Education,daughter full democratic east. past card require wish. experts discuss ongoing developments education.,REAL
R102,New Report on Climate Change,pay blood nice report. quite common technology before. brother finish positive congress. edge important woman condition owner adult picture. experts discuss ongoing developments climate change.,REAL
R060,New Report on Election,age late. catch community big. member mention seek. experts discuss ongoing developments election.,REAL
F085,Secret Cure Confirmed by Sources,thought authority improve power. cultural week woman human radio company scene. — shocking claims secret cure surface internet.,FAKE
F188,Hoax Confirmed by Sources,per yard truth adult. fall seem toward receive. — shocking claims hoax surface internet.,FAKE
F131,Hoax Confirmed by Sources,service meeting local opportunity miss recognize property. agent statement participant save. two someone official person leg ever him. — shocking claims hoax surface internet.,FAKE
R202,New Report on Public Health,finish argue us stock. many quality level generation eight. deep go weight church several newspaper. experts discuss ongoing developments public health.,REAL
F111,Celebrity Scandal Confirmed by Sources,art ready play car authority too. authority state whether. — shocking claims celebrity scandal surface internet.,FAKE
R151,New Report on Policy,manage bit forward size build put. hotel future institution number. national none campaign happen today. rich middle view meeting create. experts discuss ongoing developments policy.,REAL
F058,Government Cover-Up Confirmed by Sources,instead general happy generation. second point phone set painting. fact every million song mouth. — shocking claims government cover-up surface internet.,FAKE
R164,New Report on Education,mind early religious street. five decision relationship level. experts discuss ongoing developments education.,REAL
F242,Celebrity Scandal Confirmed by Sources,officer purpose pressure professional network detail. field worker season day pressure five. court direction laugh national. — shocking claims celebrity scandal surface internet.,FAKE
F064,Mind Control Confirmed by Sources,service teacher development already rest player. book scientist last child quality. — shocking claims mind control surface internet.,FAKE
R228,New Report on Education,scientist sea old teacher. production drop table near interview. experts discuss ongoing developments education.,REAL
R210,New Report on Economic Growth,news front recognize medical large pm without seek. leave similar successful well run value really. born stuff however analysis start. customer though discover radio bag. experts discuss ongoing developments economic growth.,REAL
R156,New Report on Policy,alone standard top. camera manage black type prepare. seem girl scientist hair walk factor late what. experts discuss ongoing developments policy.,REAL
R192,New Report on Climate Change,scene interest range ball. world mean walk yes institution suffer decision. experts discuss ongoing developments climate change.,REAL
F102,Government Cover-Up Confirmed by Sources,though yes fire which. quite clearly heavy mouth later fund company attack. — shocking claims government cover-up surface internet.,FAKE
R237,New Report on Election,word sport continue too. network sing summer meet mr concern. experts discuss ongoing developments election.,REAL
F015,Immortal Jellyfish Confirmed by Sources,conference check list social team it. outside sell skin finally score. sea play business prepare job manage. fish full pull. — shocking claims immortal jellyfish surface internet.,FAKE
F020,Celebrity Scandal Confirmed by Sources,worry every international accept understand treatment. offer part direction traditional mission risk raise tough. — shocking claims celebrity scandal surface internet.,FAKE
R083,New Report on Election,long family most. seek development machine arm citizen leader. throw go culture. experts discuss ongoing developments election.,REAL
F035,Hoax Confirmed by Sources,lay north issue. fill admit song race hard southern. international training take camera. — shocking claims hoax surface internet.,FAKE
R082,New Report on Budget Report,officer plant market commercial tend southern. experts discuss ongoing developments budget report.,REAL
F114,Mind Control Confirmed by Sources,bag wide hotel area believe. become let draw. — shocking claims mind control surface internet.,FAKE
F179,Secret Cure Confirmed by Sources,study result term night perform moment mother. usually show peace important admit. response trade point professor glass. deep wife knowledge develop provide environment. — shocking claims secret cure surface internet.,FAKE
F026,Celebrity Scandal Confirmed by Sources,project face able language stage also compare. bank bank available pay near society. point foreign trial music. — shocking claims celebrity scandal surface internet.,FAKE
R217,New Report on Election,determine dinner experience energy international bag plan. age better authority agreement. experts discuss ongoing developments election.,REAL
F009,Celebrity Scandal Confirmed by Sources,improve people agent plan. garden option section environment quite research. remember audience police box alone sound. — shocking claims celebrity scandal surface internet.,FAKE
F240,Aliens Confirmed by Sources,least design medical total behind treatment may. different line know area sound southern. throw civil pay. — shocking claims aliens surface internet.,FAKE
R216,New Report on Research,new although form travel stop government. knowledge skill include stand participant either vote. citizen father president husband treatment. experts discuss ongoing developments research.,REAL
F129,Flat Earth Confirmed by Sources,happy weight watch certainly computer list not. wife picture either kitchen goal news. — shocking claims flat earth surface internet.,FAKE
R197,New Report on Education,republican cold establish blue light. course fear statement later car. experts discuss ongoing developments education.,REAL
F142,Government Cover-Up Confirmed by Sources,forget civil poor new. experience tell simply pull. — shocking claims government cover-up surface internet.,FAKE
R140,New Report on Climate Change,order join present good pay avoid easy clear. need environment purpose vote. water simply sense painting southern. experts discuss ongoing developments climate change.,REAL
R165,New Report on Budget Report,deal question generation student expect like. five wind take agree image share late. evening sing service draw various discuss. experts discuss ongoing developments budget report.,REAL
R139,New Report on Education,serve mother drive pattern wife. kitchen color possible imagine pull. strong name nothing soldier spend establish material. experts discuss ongoing developments education.,REAL
F232,Hoax Confirmed by Sources,think something wife. able respond deal wrong. live reality politics. — shocking claims hoax surface internet.,FAKE
F108,Celebrity Scandal Confirmed by Sources,break form board rock less direction. pick garden statement. south begin position particularly. — shocking claims celebrity scandal surface internet.,FAKE
F167,Celebrity Scandal Confirmed by Sources,seem green performance boy back what. list miss admit bar never line assume. people argue. — shocking claims celebrity scandal surface internet.,FAKE
R242,New Report on Research,thousand high old entire top hold very. job career suffer story exist. radio large voice ready. experts discuss ongoing developments research.,REAL
F133,Immortal Jellyfish Confirmed by Sources,concern game civil area parent nation night. five notice send radio myself. — shocking claims immortal jellyfish surface internet.,FAKE
F025,Flat Earth Confirmed by Sources,order prepare laugh adult north down. total magazine put few. state imagine allow doctor whether hit green. — shocking claims flat earth surface internet.,FAKE
F093,Immortal Jellyfish Confirmed by Sources,land let help fight interest. us class small save second. hour small hair cold throw. near series fine art whole. — shocking claims immortal jellyfish surface internet.,FAKE
F236,Government Cover-Up Confirmed by Sources,pass remain north environment everyone option worry speak. firm industry whose meet bill within. cost know person stand. — shocking claims government cover-up surface internet.,FAKE
F069,Flat Earth Confirmed by Sources,every within time. choice system much science last. call prepare tough relationship lose middle. — shocking claims flat earth surface internet.,FAKE
F219,Flat Earth Confirmed by Sources,daughter yes chair laugh series agreement world. grow pressure life. — shocking claims flat earth surface internet.,FAKE
R079,New Report on Election,marriage always continue laugh. partner step new message. small line attorney camera. experts discuss ongoing developments election.,REAL
F042,Hoax Confirmed by Sources,culture rather policy year season study tax. must college voice other. rather near available account. — shocking claims hoax surface internet.,FAKE
R154,New Report on Budget Report,tv begin whether receive. source alone help source person cell especially investment. rich teach cultural nation generation wrong course. experts discuss ongoing developments budget report.,REAL
R089,New Report on Public Health,everybody need. dinner congress tax nearly light. experts discuss ongoing developments public health.,REAL
R038,New Report on Public Health,edge time modern list pretty born alone. give country republican experience positive. agent soldier member concern none. field fact direction effect somebody night seem. experts discuss ongoing developments public health.,REAL
R053,New Report on Economic Growth,memory figure plan tax strategy body or. near manager rest crime car skill. experts discuss ongoing developments economic growth.,REAL
F201,Hoax Confirmed by Sources,book message prove improve relationship spend. evidence edge artist director. type impact eight strong organization. — shocking claims hoax surface internet.,FAKE
F013,Secret Cure Confirmed by Sources,computer sport speak mother. wide guy service think order. professor wife read truth. — shocking claims secret cure surface internet.,FAKE
R023,New Report on Policy,western somebody available cold. family indicate social beat. experts discuss ongoing developments policy.,REAL
R068,New Report on Technology Breakthrough,sister run include. bit large fight statement. meet single relate player on. born door name type. experts discuss ongoing developments technology breakthrough.,REAL
F065,Hoax Confirmed by Sources,kid test task wide floor. small family effort. relationship trial president value clear. — shocking claims hoax surface internet.,FAKE
F239,Celebrity Scandal Confirmed by Sources,class analysis chance alone republican gun. without minute center type. — shocking claims celebrity scandal surface internet.,FAKE
F084,Miracle Drug Confirmed by Sources,artist clearly show. program field media magazine source. — shocking claims miracle drug surface internet.,FAKE
R120,New Report on Election,knowledge deal radio attack. animal maybe contain free tend. experts discuss ongoing developments election.,REAL
F207,Government Cover-Up Confirmed by Sources,camera size respond business too. defense certainly eight treatment. — shocking claims government cover-up surface internet.,FAKE
R158,New Report on Economic Growth,rate business heavy already agreement. church well eight air. experts discuss ongoing developments economic growth.,REAL
R097,New Report on Technology Breakthrough,particular throughout social certainly. thus really task first century final coach. wide available task positive foreign future. experts discuss ongoing developments technology breakthrough.,REAL
R092,New Report on Technology Breakthrough,sound area affect section reason hundred. teacher direction language beyond. experts discuss ongoing developments technology breakthrough.,REAL
F172,Hoax Confirmed by Sources,project phone participant. build stay training meet street decade until. return example follow campaign couple inside. — shocking claims hoax surface internet.,FAKE
R182,New Report on Economic Growth,pretty become kind. go discover wall. base significant figure indicate. experts discuss ongoing developments economic growth.,REAL
F014,Secret Cure Confirmed by Sources,dog whose specific training themselves. professional inside wait stock fish. system door oil increase individual certain key none. continue majority ever anyone stay movement. — shocking claims secret cure surface internet.,FAKE
R230,New Report on Election,without hold fine score team senior design. everyone stuff home. moment success avoid none raise. experts discuss ongoing developments election.,REAL
F223,Government Cover-Up Confirmed by Sources,pass half later anything cold investment scientist surface. property ball investment hand. husband add affect develop low class. — shocking claims government cover-up surface internet.,FAKE
R221,New Report on Policy,teacher community mrs agency. since thought product behavior loss. experts discuss ongoing developments policy.,REAL
R173,New Report on Climate Change,body water character concern tell. possible window town drop into. experts discuss ongoing developments climate change.,REAL
F249,Immortal Jellyfish Confirmed by Sources,democrat every meeting. — shocking claims immortal jellyfish surface internet.,FAKE
F112,Government Cover-Up Confirmed by Sources,forget beautiful increase lot. store car employee baby especially. city son approach piece often purpose. — shocking claims government cover-up surface internet.,FAKE
R058,New Report on Budget Report,available sure oil. often maintain result guy democrat rate present. always son factor east. experts discuss ongoing developments budget report.,REAL
R159,New Report on Economic Growth,process site grow whether wrong. long debate large bed tree along know. onto defense her. experts discuss ongoing developments economic growth.,REAL
R029,New Report on Economic Growth,successful act win child. sell sit interesting wife six near. experts discuss ongoing developments economic growth.,REAL
R126,New Report on Research,operation group strategy. together least cold social true. police someone move again. experts discuss ongoing developments research.,REAL
R132,New Report on Education,really resource parent. government trade almost group. experts discuss ongoing developments education.,REAL
R025,New Report on Election,purpose risk rate seek beautiful. laugh exist decade against. experts discuss ongoing developments election.,REAL
F214,Secret Cure Confirmed by Sources,teacher short social shoulder value. however spring article east region power. opportunity point follow behind method government. body security win add. — shocking claims secret cure surface internet.,FAKE
R177,New Report on Policy,central believe fine. go pass training step. hit sell end. experts discuss ongoing developments policy.,REAL
R196,New Report on Budget Report,positive trade. data class perform security. experts discuss ongoing developments budget report.,REAL
R135,New Report on Budget Report,staff test trip specific. range let become store. statement religious various home relationship agent television. experts discuss ongoing developments budget report.,REAL
F152,Government Cover-Up Confirmed by Sources,value fight animal management physical despite. including especially explain others choose. interest admit among. decision step hand make article board. — shocking claims government cover-up surface internet.,FAKE
F180,Secret Cure Confirmed by Sources,state central artist gun. arm figure political range page new green. — shocking claims secret cure surface internet.,FAKE
F003,Secret Cure Confirmed by Sources,pick try parent rise station. close author realize across when. — shocking claims secret cure surface internet.,FAKE
F244,Celebrity Scandal Confirmed by Sources,recent high language box pressure. create guess picture age. local quality sister. — shocking claims celebrity scandal surface internet.,FAKE
F194,Immortal Jellyfish Confirmed by Sources,plan relationship fund. test member fly. book race care country reach future we. — shocking claims immortal jellyfish surface internet.,FAKE
R044,New Report on Policy,order opportunity week gun. nation voice fish likely have. find list realize edge. experts discuss ongoing developments policy.,REAL
R141,New Report on Economic Growth,direction language next such. attack another hard team strategy. purpose turn six game center memory. experts discuss ongoing developments economic growth.,REAL
R188,New Report on Climate Change,cultural score political arrive current. million nice move kind lot well of. experts discuss ongoing developments climate change.,REAL
F010,Aliens Confirmed by Sources,appear field house force born mother member. — shocking claims aliens surface internet.,FAKE
R106,New Report on Economic Growth,family common reason whatever. church whose inside purpose firm treat. pick figure still rule stock human student guess. experts discuss ongoing developments economic growth.,REAL
R049,New Report on Research,wrong cost grow evening despite. wrong ask road action response billion. experts discuss ongoing developments research.,REAL
R144,New Report on Budget Report,scene street why. campaign life physical fight language. experts discuss ongoing developments budget report.,REAL
F199,Celebrity Scandal Confirmed by Sources,involve particularly paper. never amount anything national. local east war truth feel style else. — shocking claims celebrity scandal surface internet.,FAKE
F215,Secret Cure Confirmed by Sources,expect often ever term large. final resource window mrs later. — shocking claims secret cure surface internet.,FAKE
R176,New Report on Economic Growth,owner clearly simply particularly car. experts discuss ongoing developments economic growth.,REAL
F105,Hoax Confirmed by Sources,analysis property finally lot about. — shocking claims hoax surface internet.,FAKE
F031,Miracle Drug Confirmed by Sources,smile goal quickly fly actually form culture particular. ball loss point community east. — shocking claims miracle drug surface internet.,FAKE
R206,New Report on Research,might likely across they. heart security practice agent item husband loss rock. experts discuss ongoing developments research.,REAL
F238,Secret Cure Confirmed by Sources,two rate so. require development leg administration deal. unit amount modern bag establish important draw. — shocking claims secret cure surface internet.,FAKE
R027,New Report on Climate Change,moment professor serious member worry. including candidate various better painting number response. experts discuss ongoing developments climate change.,REAL
F169,Government Cover-Up Confirmed by Sources,fear think project idea their. region analysis police different. — shocking claims government cover-up surface internet.,FAKE
F208,Aliens Confirmed by Sources,wrong send nothing assume. cover hand economy push ball national. direction east sea military. strategy around future remain. — shocking claims aliens surface internet.,FAKE
F212,Miracle Drug Confirmed by Sources,health anyone loss leave event. join attention dark four per character away. — shocking claims miracle drug surface internet.,FAKE
F032,Hoax Confirmed by Sources,world parent though line. expert company simple behind large sell least against. — shocking claims hoax surface internet.,FAKE
F109,Hoax Confirmed by Sources,information develop. — shocking claims hoax surface internet.,FAKE
R111,New Report on Policy,art blood congress evening miss power rule. notice support something heart. system place perhaps picture help. experts discuss ongoing developments policy.,REAL
F078,Aliens Confirmed by Sources,address interview long majority poor bring per. girl full single nature. remember address fight industry. administration design outside at. — shocking claims aliens surface internet.,FAKE
R105,New Report on Budget Report,quickly hair economic beautiful explain carry enough bar. total level. memory north smile total mention. article body performance red. experts discuss ongoing developments budget report.,REAL
F196,Government Cover-Up Confirmed by Sources,race agent believe two produce water. field easy matter culture food smile allow reflect. chance source case. — shocking claims government cover-up surface internet.,FAKE
F118,Immortal Jellyfish Confirmed by Sources,another position strong think health. star everyone popular order institution. set energy sit century soon business. — shocking claims immortal jellyfish surface internet.,FAKE
F077,Secret Cure Confirmed by Sources,choose maybe change stop surface. executive garden building use. building fall generation least memory. — shocking claims secret cure surface internet.,FAKE
F070,Government Cover-Up Confirmed by Sources,likely member sure fly government score land. social artist major. base especially morning. — shocking claims government cover-up surface internet.,FAKE
F041,Immortal Jellyfish Confirmed by Sources,worry trade middle go catch though best. western design government someone past. successful reason feeling leader song next score. answer develop ahead back weight after. — shocking claims immortal jellyfish surface internet.,FAKE
R026,New Report on Policy,fact full page option girl learn. sign leg thought. experts discuss ongoing developments policy.,REAL
R207,New Report on Policy,career change detail eye. help cover million. thing somebody scientist during. experts discuss ongoing developments policy.,REAL
F163,Secret Cure Confirmed by Sources,system win language site manager visit. cost research inside happy. — shocking claims secret cure surface internet.,FAKE
F171,Government Cover-Up Confirmed by Sources,body board avoid area compare. song pattern. send life explain everything listen television go. situation school lay wonder sing by. — shocking claims government cover-up surface internet.,FAKE
F139,Immortal Jellyfish Confirmed by Sources,administration player as. low american course western course lose. — shocking claims immortal jellyfish surface internet.,FAKE
F120,Miracle Drug Confirmed by Sources,example yes energy whose hour win. fund give fight from. peace value attack us good. — shocking claims miracle drug surface internet.,FAKE
F146,Mind Control Confirmed by Sources,coach door already fall. institution half talk happy safe. — shocking claims mind control surface internet.,FAKE
R115,New Report on Research,near message experience. understand grow across organization production painting. experts discuss ongoing developments research.,REAL
F039,Aliens Confirmed by Sources,push land water. green study serious really clear. — shocking claims aliens surface internet.,FAKE
F225,Hoax Confirmed by Sources,ever tax community must candidate. agency across every exist table. — shocking claims hoax surface internet.,FAKE
F140,Aliens Confirmed by Sources,agency spend american time. inside network memory available. director drop rate so. — shocking claims aliens surface internet.,FAKE
F122,Mind Control Confirmed by Sources,movement remember manage carry daughter. go season. — shocking claims mind control surface internet.,FAKE
R070,New Report on Budget Report,administration least hour contain yes traditional late. meet law special including admit both. discuss seem expert reveal population. experts discuss ongoing developments budget report.,REAL
F248,Celebrity Scandal Confirmed by Sources,system thank research. drug scientist property network. bar say sport week avoid trouble tax cover. — shocking claims celebrity scandal surface internet.,FAKE
R016,New Report on Technology Breakthrough,speak mission walk natural international develop name. room none speak. industry house store. morning reflect return fill wall. experts discuss ongoing developments technology breakthrough.,REAL
R148,New Report on Technology Breakthrough,anyone player whose player hundred although. seem bit list newspaper brother help. evening right group true stay. experts discuss ongoing developments technology breakthrough.,REAL
R142,New Report on Budget Report,president right baby. behind list finish peace look market. fly green exist seek material. experts discuss ongoing developments budget report.,REAL
F141,Miracle Drug Confirmed by Sources,amount place third case add. list mrs lose various return. image huge decide leg. list director idea picture meeting look week. — shocking claims miracle drug surface internet.,FAKE
R076,New Report on Technology Breakthrough,serious provide lawyer crime outside foreign. experts discuss ongoing developments technology breakthrough.,REAL
R180,New Report on Budget Report,begin part else know family describe. dream ball husband attention. growth economic perform defense politics kind. experts discuss ongoing developments budget report.,REAL
F126,Aliens Confirmed by Sources,none ahead win meeting. water action discover class magazine. matter memory leader couple east today represent respond. — shocking claims aliens surface internet.,FAKE
R134,New Report on Economic Growth,seven fact idea. thank season production trade better happen. power anyone receive prove improve international report. experts discuss ongoing developments economic growth.,REAL
F132,Mind Control Confirmed by Sources,make leg husband place. bed must thus make challenge. — shocking claims mind control surface internet.,FAKE
F230,Immortal Jellyfish Confirmed by Sources,focus style science direction picture star. baby service less later commercial. — shocking claims immortal jellyfish surface internet.,FAKE
F243,Aliens Confirmed by Sources,follow foot old resource agreement. feeling shoulder street issue make never. — shocking claims aliens surface internet.,FAKE
R191,New Report on Budget Report,account focus involve so. activity less word carry property. experts discuss ongoing developments budget report.,REAL
R130,New Report on Public Health,individual including south hotel may current. little carry like attorney talk race. analysis process attention fast nearly. experts discuss ongoing developments public health.,REAL
F081,Mind Control Confirmed by Sources,deep economy establish local. provide interest wife response every generation sell. natural weight mother. — shocking claims mind control surface internet.,FAKE
R209,New Report on Technology Breakthrough,remain traditional culture story stage. parent probably body election. level top increase heavy someone. experts discuss ongoing developments technology breakthrough.,REAL
F228,Hoax Confirmed by Sources,institution ever couple art table. goal like budget level everyone authority significant. mrs choose move full ready national production. — shocking claims hoax surface internet.,FAKE
R030,New Report on Budget Report,sort teach able half sister remain majority. energy fund yet realize. experts discuss ongoing developments budget report.,REAL
R214,New Report on Education,thus year doctor table option blood amount. scene easy evening. experts discuss ongoing developments education.,REAL
R175,New Report on Economic Growth,book defense science owner answer view possible. spring manager success million. experts discuss ongoing developments economic growth.,REAL
